{
  "type": "minecraft:crafting_shaped",
  "category": "misc",
  "pattern": [
    "aba",
    "cdc",
    "cec"
  ],
  "key": {
    "a": {
      "item": "minecraft:diamond_block"
    },
    "b": {
      "item": "minecraft:hopper"
    },
    "c": {
      "item": "erinium_automation:dark_iron_block"
    },
    "d": {
      "item": "erinium_automation:wither_skeleton_block"
    },
    "e": {
      "item": "minecraft:chest"
    }
  },
  "result": {
    "item": "erinium_automation:nether_star_generator",
    "count": 1
  }
}