{
  "_fv": 57,
  "_type": "block",
  "definition": {
    "texture": "dark_metal",
    "textureTop": "dark_metal",
    "textureLeft": "dark_metal",
    "textureFront": "dark_metal",
    "textureRight": "dark_metal",
    "textureBack": "dark_metal",
    "renderType": 2,
    "customModelName": "astral_miner:default",
    "rotationMode": 1,
    "enablePitch": false,
    "emissiveRendering": false,
    "displayFluidOverlay": false,
    "itemTexture": "",
    "particleTexture": "",
    "tintType": "No tint",
    "isItemTinted": false,
    "hasTransparency": true,
    "connectedSides": false,
    "transparencyType": "SOLID",
    "disableOffset": false,
    "boundingBoxes": [
      {
        "mx": 0.0,
        "my": 0.0,
        "mz": 0.0,
        "Mx": 16.0,
        "My": 16.0,
        "Mz": 16.0,
        "subtract": false
      }
    ],
    "name": "Astral Miner",
    "specialInformation": {
      "fixedValue": []
    },
    "hardness": 5.0,
    "resistance": 5.0,
    "hasGravity": false,
    "isWaterloggable": false,
    "creativeTab": {
      "value": "CUSTOM:EriniumAutomation"
    },
    "destroyTool": "pickaxe",
    "customDrop": {
      "value": ""
    },
    "dropAmount": 1,
    "useLootTableForDrops": false,
    "requiresCorrectTool": true,
    "enchantPowerBonus": 0.0,
    "plantsGrowOn": false,
    "canRedstoneConnect": false,
    "lightOpacity": 0,
    "material": {
      "value": "IRON"
    },
    "tickRate": 1,
    "tickRandomly": false,
    "isReplaceable": false,
    "canProvidePower": false,
    "emittedRedstonePower": {
      "fixedValue": 15.0
    },
    "colorOnMap": "DEFAULT",
    "creativePickItem": {
      "value": ""
    },
    "offsetType": "NONE",
    "aiPathNodeType": "DEFAULT",
    "flammability": 0,
    "fireSpreadSpeed": 0,
    "isLadder": false,
    "slipperiness": 0.6,
    "speedFactor": 1.0,
    "jumpFactor": 1.0,
    "reactionToPushing": "NORMAL",
    "isNotColidable": false,
    "isCustomSoundType": false,
    "soundOnStep": {
      "value": "METAL"
    },
    "breakSound": {
      "value": ""
    },
    "fallSound": {
      "value": ""
    },
    "hitSound": {
      "value": ""
    },
    "placeSound": {
      "value": ""
    },
    "stepSound": {
      "value": ""
    },
    "luminance": 0,
    "unbreakable": false,
    "breakHarvestLevel": 1,
    "isBonemealable": false,
    "hasInventory": true,
    "guiBoundTo": "AstralMinerGui",
    "openGUIOnRightClick": true,
    "inventorySize": 1,
    "inventoryStackSize": 64,
    "inventoryDropWhenDestroyed": true,
    "inventoryComparatorPower": true,
    "inventoryOutSlotIDs": [
      0
    ],
    "inventoryInSlotIDs": [],
    "hasEnergyStorage": true,
    "energyInitial": 0,
    "energyCapacity": 500000,
    "energyMaxReceive": 5000,
    "energyMaxExtract": 1000,
    "isFluidTank": false,
    "fluidCapacity": 8000,
    "fluidRestrictions": [],
    "onTickUpdate": {
      "name": "AstralMinerTick"
    },
    "generateFeature": false,
    "restrictionBiomes": [],
    "blocksToReplace": [],
    "generationShape": "UNIFORM",
    "frequencyPerChunks": 10,
    "frequencyOnChunk": 16,
    "minGenerateHeight": 0,
    "maxGenerateHeight": 64
  }
}