{
  "_fv": 57,
  "_type": "recipe",
  "definition": {
    "recipeType": "Crafting",
    "recipeRetstackSize": 1,
    "group": "",
    "cookingBookCategory": "MISC",
    "xpReward": 0.0,
    "cookingTime": 200,
    "craftingBookCategory": "MISC",
    "recipeShapeless": false,
    "recipeSlots": [
      {
        "value": "CUSTOM:DarkIronBlock"
      },
      {
        "value": "CUSTOM:DarkIronBlock"
      },
      {
        "value": "CUSTOM:DarkIronBlock"
      },
      {
        "value": "Blocks.IRON_BARS"
      },
      {
        "value": "CUSTOM:LaserDrill"
      },
      {
        "value": "Blocks.IRON_BARS"
      },
      {
        "value": "Blocks.IRON_BARS"
      },
      {
        "value": ""
      },
      {
        "value": "Blocks.IRON_BARS"
      }
    ],
    "recipeReturnStack": {
      "value": "CUSTOM:LaserModule"
    },
    "name": "craft_laser_module",
    "namespace": "mod"
  }
}