{
  "_fv": 57,
  "_type": "gui",
  "definition": {
    "type": 1,
    "width": 176,
    "height": 166,
    "inventoryOffsetX": 0,
    "inventoryOffsetY": 0,
    "renderBgLayer": true,
    "doesPauseGame": false,
    "components": [
      {
        "type": "label",
        "data": {
          "name": "label_farmer",
          "text": {
            "fixedValue": "Farmer"
          },
          "color": {
            "value": -16777216,
            "falpha": 0.0
          },
          "x": 195,
          "y": 44
        }
      },
      {
        "type": "label",
        "data": {
          "name": "label_proc_get_energy",
          "text": {
            "fixedValue": ""
          },
          "color": {
            "value": -12829636,
            "falpha": 0.0
          },
          "x": 132,
          "y": 53
        }
      },
      {
        "type": "label",
        "data": {
          "name": "label_seeds",
          "text": {
            "fixedValue": "Seeds"
          },
          "color": {
            "value": -10066432,
            "falpha": 0.0
          },
          "x": 132,
          "y": 71
        }
      },
      {
        "type": "label",
        "data": {
          "name": "label_items",
          "text": {
            "fixedValue": "Items"
          },
          "color": {
            "value": -16751002,
            "falpha": 0.0
          },
          "x": 267,
          "y": 71
        }
      },
      {
        "type": "outputslot",
        "data": {
          "color": {
            "value": -3355648,
            "falpha": 0.0
          },
          "id": 0,
          "disablePickup": {
            "fixedValue": false
          },
          "dropItemsWhenNotBound": true,
          "x": 132,
          "y": 89
        }
      },
      {
        "type": "outputslot",
        "data": {
          "color": {
            "value": -3355648,
            "falpha": 0.0
          },
          "id": 1,
          "disablePickup": {
            "fixedValue": false
          },
          "dropItemsWhenNotBound": true,
          "x": 150,
          "y": 89
        }
      },
      {
        "type": "outputslot",
        "data": {
          "color": {
            "value": -3355648,
            "falpha": 0.0
          },
          "id": 2,
          "disablePickup": {
            "fixedValue": false
          },
          "dropItemsWhenNotBound": true,
          "x": 168,
          "y": 89
        }
      },
      {
        "type": "outputslot",
        "data": {
          "color": {
            "value": -16724788,
            "falpha": 0.0
          },
          "id": 3,
          "disablePickup": {
            "fixedValue": false
          },
          "dropItemsWhenNotBound": true,
          "x": 240,
          "y": 89
        }
      },
      {
        "type": "outputslot",
        "data": {
          "color": {
            "value": -16724788,
            "falpha": 0.0
          },
          "id": 4,
          "disablePickup": {
            "fixedValue": false
          },
          "dropItemsWhenNotBound": true,
          "x": 258,
          "y": 89
        }
      },
      {
        "type": "outputslot",
        "data": {
          "color": {
            "value": -16724788,
            "falpha": 0.0
          },
          "id": 5,
          "disablePickup": {
            "fixedValue": false
          },
          "dropItemsWhenNotBound": true,
          "x": 276,
          "y": 89
        }
      },
      {
        "type": "button",
        "data": {
          "name": "button_help",
          "text": "Help",
          "isUndecorated": false,
          "onClick": {
            "name": "FarmerHelpBtn"
          },
          "width": 46,
          "height": 20,
          "x": 249,
          "y": 44
        }
      },
      {
        "type": "label",
        "data": {
          "name": "label_proc_get_energy1",
          "text": {
            "fixedValue": "",
            "name": "GetEnergy"
          },
          "color": {
            "value": -12829636,
            "falpha": 0.0
          },
          "x": 132,
          "y": 53
        }
      }
    ],
    "gridSettings": {
      "sx": 18,
      "sy": 18,
      "ox": 11,
      "oy": 15,
      "snapOnGrid": true
    }
  }
}