{
  "_fv": 60,
  "_type": "command",
  "definition": {
    "commandName": "f",
    "type": "STANDARD",
    "permissionLevel": "No requirement",
    "argsxml": "<xml xmlns=\"https://developers.google.com/blockly/xml\"><block type=\"args_start\" deletable=\"false\" x=\"77\" y=\"67\"><next><block type=\"literal\"><field name=\"name\">create</field><statement name=\"args\"><block type=\"string\"><field name=\"type\">word</field><field name=\"name\">id</field><statement name=\"args\"><block type=\"string\"><field name=\"type\">string</field><field name=\"name\">displayname</field><statement name=\"args\"><block type=\"call_procedure\"><field name=\"procedure\">FactionCreate</field></block></statement></block></statement></block></statement><next><block type=\"literal\"><field name=\"name\">disband</field><statement name=\"args\"><block type=\"call_procedure\"><field name=\"procedure\">FactionDisband</field></block></statement><next><block type=\"literal\"><field name=\"name\">info</field><statement name=\"args\"><block type=\"call_procedure\"><field name=\"procedure\">FactionInfo</field><next><block type=\"literal\"><field name=\"name\">byname</field><statement name=\"args\"><block type=\"string\"><field name=\"type\">word</field><field name=\"name\">factionName</field><statement name=\"args\"><block type=\"call_procedure\"><field name=\"procedure\">FactionStringInfo</field></block></statement></block></statement><next><block type=\"literal\"><field name=\"name\">byplayer</field><statement name=\"args\"><block type=\"entity\"><field name=\"name\">player</field><field name=\"type\">player</field><statement name=\"args\"><block type=\"call_procedure\"><field name=\"procedure\">FactionPlayerInfo</field></block></statement></block></statement></block></next></block></next></block></statement><next><block type=\"literal\"><field name=\"name\">perm</field><statement name=\"args\"><block type=\"call_procedure\"><field name=\"procedure\">FactionPerm</field></block></statement><next><block type=\"literal\"><field name=\"name\">invite</field><statement name=\"args\"><block type=\"entity\"><field name=\"name\">player</field><field name=\"type\">player</field><statement name=\"args\"><block type=\"call_procedure\"><field name=\"procedure\">FactionInvite</field></block></statement></block></statement><next><block type=\"literal\"><field name=\"name\">join</field><statement name=\"args\"><block type=\"string\"><field name=\"type\">word</field><field name=\"name\">factionName</field><statement name=\"args\"><block type=\"call_procedure\"><field name=\"procedure\">FactionJoin</field></block></statement></block></statement><next><block type=\"literal\"><field name=\"name\">leave</field><statement name=\"args\"><block type=\"call_procedure\"><field name=\"procedure\">FactionLeave</field></block></statement><next><block type=\"literal\"><field name=\"name\">kick</field><statement name=\"args\"><block type=\"literal\"><field name=\"name\">onlineplayer</field><statement name=\"args\"><block type=\"entity\"><field name=\"name\">player</field><field name=\"type\">player</field><statement name=\"args\"><block type=\"call_procedure\"><field name=\"procedure\">FactionKickOnline</field></block></statement></block></statement><next><block type=\"literal\"><field name=\"name\">offlineplayer</field><statement name=\"args\"><block type=\"string\"><field name=\"type\">word</field><field name=\"name\">player</field><statement name=\"args\"><block type=\"call_procedure\"><field name=\"procedure\">FactionKickOffline</field></block></statement></block></statement></block></next></block></statement><next><block type=\"literal\"><field name=\"name\">promote</field><statement name=\"args\"><block type=\"literal\"><field name=\"name\">onlineplayer</field><statement name=\"args\"><block type=\"entity\"><field name=\"name\">player</field><field name=\"type\">player</field><statement name=\"args\"><block type=\"call_procedure\"><field name=\"procedure\">FactionPromoteOnline</field></block></statement></block></statement><next><block type=\"literal\"><field name=\"name\">offlineplayer</field><statement name=\"args\"><block type=\"string\"><field name=\"type\">word</field><field name=\"name\">player</field><statement name=\"args\"><block type=\"call_procedure\"><field name=\"procedure\">FactionPromoteOffline</field></block></statement></block></statement></block></next></block></statement><next><block type=\"literal\"><field name=\"name\">demote</field><statement name=\"args\"><block type=\"literal\"><field name=\"name\">onlineplayer</field><statement name=\"args\"><block type=\"entity\"><field name=\"name\">player</field><field name=\"type\">player</field><statement name=\"args\"><block type=\"call_procedure\"><field name=\"procedure\">FactionDemoteOnline</field></block></statement></block></statement><next><block type=\"literal\"><field name=\"name\">offlineplayer</field><statement name=\"args\"><block type=\"string\"><field name=\"type\">word</field><field name=\"name\">player</field><statement name=\"args\"><block type=\"call_procedure\"><field name=\"procedure\">FactionDemoteOffline</field></block></statement></block></statement></block></next></block></statement><next><block type=\"literal\"><field name=\"name\">claim</field><statement name=\"args\"><block type=\"call_procedure\"><field name=\"procedure\">FClaim</field></block></statement><next><block type=\"literal\"><field name=\"name\">unclaim</field><statement name=\"args\"><block type=\"call_procedure\"><field name=\"procedure\">FUnclaim</field></block></statement><next><block type=\"literal\"><field name=\"name\">map</field><statement name=\"args\"><block type=\"literal\"><field name=\"name\">toggle</field><statement name=\"args\"><block type=\"call_procedure\"><field name=\"procedure\">ToggleFmap</field></block></statement><next><block type=\"call_procedure\"><field name=\"procedure\">FactionMap</field></block></next></block></statement><next><block type=\"literal\"><field name=\"name\">power</field><statement name=\"args\"><block type=\"call_procedure\"><field name=\"procedure\">FactionPower</field></block></statement><next><block type=\"literal\"><field name=\"name\">sethome</field><statement name=\"args\"><block type=\"call_procedure\"><field name=\"procedure\">FactionSetHome</field></block></statement><next><block type=\"literal\"><field name=\"name\">delhome</field><statement name=\"args\"><block type=\"call_procedure\"><field name=\"procedure\">DelHome</field></block></statement><next><block type=\"literal\"><field name=\"name\">home</field><statement name=\"args\"><block type=\"call_procedure\"><field name=\"procedure\">FactionHome</field></block></statement><next><block type=\"literal\"><field name=\"name\">desc</field><statement name=\"args\"><block type=\"message\"><field name=\"name\">desc</field><statement name=\"args\"><block type=\"call_procedure\"><field name=\"procedure\">FactionDesc</field></block></statement></block></statement></block></next></block></next></block></next></block></next></block></next></block></next></block></next></block></next></block></next></block></next></block></next></block></next></block></next></block></next></block></next></block></next></block></next></block></next></block></xml>"
  }
}