{
  "_fv": 57,
  "_type": "config",
  "definition": {
    "pools": [
      {
        "category": "Common",
        "entries": [
          {
            "item": {
              "value": "Items.DIAMOND"
            },
            "silkTouchMode": 4,
            "block": {
              "value": ""
            },
            "logicField": 0,
            "numberField": 0.0,
            "textDefault": "",
            "comment": "Item needed to create a faction",
            "vardisplay": "Item need",
            "varname": "item_need_create",
            "enablecomment": true,
            "onlyComment": false,
            "entityType": "EntityAgeable"
          },
          {
            "item": {
              "value": ""
            },
            "silkTouchMode": 1,
            "block": {
              "value": ""
            },
            "logicField": 0,
            "numberField": 100.0,
            "textDefault": "",
            "comment": "Iten needed number",
            "vardisplay": "Number item needed",
            "varname": "item_number_create",
            "enablecomment": true,
            "onlyComment": false,
            "entityType": "EntityAgeable"
          },
          {
            "item": {
              "value": ""
            },
            "silkTouchMode": 1,
            "block": {
              "value": ""
            },
            "logicField": 0,
            "numberField": 20.0,
            "textDefault": "",
            "comment": "Max member in a faction",
            "vardisplay": "Max member",
            "varname": "max_member",
            "enablecomment": true,
            "onlyComment": false,
            "entityType": "EntityAgeable"
          }
        ]
      }
    ],
    "file": "erinium-faction-common",
    "configType": 0
  }
}