{
  "_fv": 57,
  "_type": "gui",
  "definition": {
    "type": 0,
    "width": 176,
    "height": 166,
    "inventoryOffsetX": 0,
    "inventoryOffsetY": 0,
    "renderBgLayer": true,
    "doesPauseGame": false,
    "components": [
      {
        "type": "label",
        "data": {
          "name": "label_select_the_rank_to_modify",
          "text": {
            "fixedValue": "Select the rank to modify"
          },
          "color": {
            "value": -16777216,
            "falpha": 0.0
          },
          "x": 150,
          "y": 44
        }
      },
      {
        "type": "button",
        "data": {
          "name": "button_recruit",
          "text": "Recruit",
          "isUndecorated": false,
          "onClick": {
            "name": "RecruitPerm"
          },
          "width": 54,
          "height": 20,
          "x": 132,
          "y": 80
        }
      },
      {
        "type": "button",
        "data": {
          "name": "button_member",
          "text": "Member",
          "isUndecorated": false,
          "onClick": {
            "name": "MemberPerm"
          },
          "width": 54,
          "height": 20,
          "x": 240,
          "y": 80
        }
      },
      {
        "type": "button",
        "data": {
          "name": "button_ancient",
          "text": "Ancient",
          "isUndecorated": false,
          "onClick": {
            "name": "AncientPerm"
          },
          "width": 54,
          "height": 20,
          "x": 132,
          "y": 116
        }
      },
      {
        "type": "button",
        "data": {
          "name": "button_officier",
          "text": "Officier",
          "isUndecorated": false,
          "onClick": {
            "name": "OfficierPerm"
          },
          "width": 54,
          "height": 20,
          "x": 240,
          "y": 116
        }
      }
    ],
    "gridSettings": {
      "sx": 18,
      "sy": 18,
      "ox": 11,
      "oy": 15,
      "snapOnGrid": true
    }
  }
}