{
  "_fv": 47,
  "_type": "gui",
  "definition": {
    "type": 1,
    "width": 176,
    "height": 166,
    "inventoryOffsetX": 0,
    "inventoryOffsetY": 0,
    "renderBgLayer": true,
    "doesPauseGame": false,
    "components": [
      {
        "type": "label",
        "data": {
          "name": "label_astral_miner",
          "text": {
            "fixedValue": "Astral Miner"
          },
          "color": {
            "value": -1,
            "falpha": 0.0
          },
          "x": 128,
          "y": 40
        }
      },
      {
        "type": "outputslot",
        "data": {
          "color": {
            "value": -3355648,
            "falpha": 0.0
          },
          "id": 0,
          "disablePickup": {
            "fixedValue": false
          },
          "dropItemsWhenNotBound": true,
          "x": 204,
          "y": 80
        }
      },
      {
        "type": "label",
        "data": {
          "name": "label_proc_astral_get_energy",
          "text": {
            "fixedValue": "",
            "name": "AstralGetEnergy"
          },
          "color": {
            "value": -12829636,
            "falpha": 0.0
          },
          "x": 128,
          "y": 53
        }
      },
      {
        "type": "label",
        "data": {
          "name": "label_proc_astral_get_percent",
          "text": {
            "fixedValue": "",
            "name": "AstralGetPercent"
          },
          "color": {
            "value": -12829636,
            "falpha": 0.0
          },
          "x": 204,
          "y": 98
        }
      },
      {
        "type": "image",
        "data": {
          "image": "astral_bg.png",
          "use1Xscale": false,
          "x": 125,
          "y": 37
        }
      }
    ],
    "gridSettings": {
      "sx": 18,
      "sy": 18,
      "ox": 11,
      "oy": 15,
      "snapOnGrid": false
    }
  }
}