{
  "_fv": 47,
  "_type": "recipe",
  "definition": {
    "recipeType": "Crafting",
    "recipeRetstackSize": 1,
    "group": "",
    "cookingBookCategory": "MISC",
    "xpReward": 0.0,
    "cookingTime": 200,
    "craftingBookCategory": "MISC",
    "recipeShapeless": false,
    "recipeSlots": [
      {
        "value": "Blocks.CONCRETE#1"
      },
      {
        "value": "CUSTOM:EnrichedFarmland"
      },
      {
        "value": "Blocks.CONCRETE#1"
      },
      {
        "value": "Blocks.IRON_BARS"
      },
      {
        "value": "Blocks.CHEST"
      },
      {
        "value": "Blocks.IRON_BARS"
      },
      {
        "value": "Blocks.IRON_BLOCK"
      },
      {
        "value": "Blocks.IRON_BLOCK"
      },
      {
        "value": "Blocks.IRON_BLOCK"
      }
    ],
    "recipeReturnStack": {
      "value": "CUSTOM:FarmerBlock"
    },
    "name": "craft_farmer_block",
    "namespace": "mod"
  }
}