{
  "_fv": 47,
  "_type": "gui",
  "definition": {
    "type": 0,
    "width": 176,
    "height": 166,
    "inventoryOffsetX": 0,
    "inventoryOffsetY": 0,
    "renderBgLayer": true,
    "doesPauseGame": false,
    "components": [
      {
        "type": "label",
        "data": {
          "name": "label_choose_your_block",
          "text": {
            "fixedValue": "Choose your block"
          },
          "color": {
            "value": -16777216,
            "falpha": 0.0
          },
          "x": 168,
          "y": 44
        }
      },
      {
        "type": "button",
        "data": {
          "name": "button_one_block_crop",
          "text": "One block crop",
          "onClick": {
            "name": "OpenOneBlockCropGui"
          },
          "width": 108,
          "height": 20,
          "x": 159,
          "y": 62
        }
      },
      {
        "type": "button",
        "data": {
          "name": "button_multiple_blocks_crop",
          "text": "Multiple blocks crop",
          "onClick": {
            "name": "OpenMultipleBlocksCrops"
          },
          "width": 108,
          "height": 20,
          "x": 159,
          "y": 89
        }
      }
    ],
    "gridSettings": {
      "sx": 18,
      "sy": 18,
      "ox": 11,
      "oy": 15,
      "snapOnGrid": true
    }
  }
}