{
  "_fv": 47,
  "_type": "command",
  "definition": {
    "commandName": "warzone",
    "permissionLevel": "No requirement",
    "argsxml": "<xml xmlns=\"https://developers.google.com/blockly/xml\"><block type=\"args_start\" deletable=\"false\" x=\"40\" y=\"40\"><next><block type=\"literal\"><field name=\"name\">claim</field><statement name=\"args\"><block type=\"call_procedure\"><field name=\"procedure\">WarzoneClaim</field></block></statement><next><block type=\"literal\"><field name=\"name\">unclaim</field><statement name=\"args\"><block type=\"call_procedure\"><field name=\"procedure\">WarzoneUnclaim</field></block></statement></block></next></block></next></block></xml>"
  }
}