{
  "_fv": 60,
  "_type": "recipe",
  "definition": {
    "recipeType": "Crafting",
    "recipeRetstackSize": 1,
    "group": "",
    "cookingBookCategory": "MISC",
    "xpReward": 0.0,
    "cookingTime": 200,
    "craftingBookCategory": "MISC",
    "recipeShapeless": false,
    "recipeSlots": [
      {
        "value": ""
      },
      {
        "value": "CUSTOM:DarkIronBlock"
      },
      {
        "value": ""
      },
      {
        "value": "Blocks.IRON_BLOCK"
      },
      {
        "value": "CUSTOM:DarkIronBlock"
      },
      {
        "value": "Blocks.IRON_BLOCK"
      },
      {
        "value": "CUSTOM:DarkIronBlock"
      },
      {
        "value": "CUSTOM:DarkIronBlock"
      },
      {
        "value": "CUSTOM:DarkIronBlock"
      }
    ],
    "recipeReturnStack": {
      "value": "CUSTOM:AstralFoot"
    },
    "name": "craft_astral_foot",
    "namespace": "mod"
  }
}