{
  "_fv": 60,
  "_type": "block",
  "definition": {
    "texture": "farmer_bottom",
    "textureTop": "farmer_top",
    "textureLeft": "farmer_side",
    "textureFront": "farmer_side",
    "textureRight": "farmer_side",
    "textureBack": "farmer_side",
    "renderType": 10,
    "customModelName": "Normal",
    "rotationMode": 0,
    "enablePitch": false,
    "emissiveRendering": false,
    "displayFluidOverlay": false,
    "itemTexture": "",
    "particleTexture": "",
    "tintType": "No tint",
    "isItemTinted": false,
    "hasTransparency": false,
    "connectedSides": false,
    "transparencyType": "SOLID",
    "disableOffset": false,
    "boundingBoxes": [
      {
        "mx": 0.0,
        "my": 0.0,
        "mz": 0.0,
        "Mx": 16.0,
        "My": 16.0,
        "Mz": 16.0,
        "subtract": false
      }
    ],
    "name": "Farmer Block",
    "specialInformation": {
      "fixedValue": []
    },
    "hardness": 3.0,
    "resistance": 3.0,
    "hasGravity": false,
    "isWaterloggable": false,
    "creativeTab": {
      "value": "CUSTOM:EriniumAutomation"
    },
    "destroyTool": "Not specified",
    "customDrop": {
      "value": ""
    },
    "dropAmount": 1,
    "useLootTableForDrops": false,
    "requiresCorrectTool": false,
    "enchantPowerBonus": 0.0,
    "plantsGrowOn": true,
    "canRedstoneConnect": false,
    "lightOpacity": 15,
    "material": {
      "value": "IRON"
    },
    "tickRate": 200,
    "tickRandomly": false,
    "isReplaceable": false,
    "canProvidePower": false,
    "emittedRedstonePower": {
      "fixedValue": 15.0
    },
    "colorOnMap": "DEFAULT",
    "creativePickItem": {
      "value": ""
    },
    "offsetType": "NONE",
    "aiPathNodeType": "DEFAULT",
    "flammability": 0,
    "fireSpreadSpeed": 0,
    "isLadder": false,
    "slipperiness": 0.6,
    "speedFactor": 1.0,
    "jumpFactor": 1.0,
    "reactionToPushing": "NORMAL",
    "isNotColidable": false,
    "isCustomSoundType": false,
    "soundOnStep": {
      "value": "METAL"
    },
    "breakSound": {
      "value": ""
    },
    "fallSound": {
      "value": ""
    },
    "hitSound": {
      "value": ""
    },
    "placeSound": {
      "value": ""
    },
    "stepSound": {
      "value": ""
    },
    "luminance": 0,
    "unbreakable": false,
    "breakHarvestLevel": 1,
    "isBonemealable": false,
    "hasInventory": true,
    "guiBoundTo": "FarmerGui",
    "openGUIOnRightClick": true,
    "inventorySize": 6,
    "inventoryStackSize": 64,
    "inventoryDropWhenDestroyed": true,
    "inventoryComparatorPower": true,
    "inventoryOutSlotIDs": [
      0,
      1,
      2,
      3,
      4,
      5
    ],
    "inventoryInSlotIDs": [],
    "hasEnergyStorage": true,
    "energyInitial": 0,
    "energyCapacity": 250000,
    "energyMaxReceive": 15000,
    "energyMaxExtract": 10000,
    "isFluidTank": false,
    "fluidCapacity": 8000,
    "fluidRestrictions": [],
    "onTickUpdate": {
      "name": "FarmerBlockUpdateTick"
    },
    "generateFeature": false,
    "restrictionBiomes": [],
    "blocksToReplace": [],
    "generationShape": "UNIFORM",
    "frequencyPerChunks": 10,
    "frequencyOnChunk": 16,
    "minGenerateHeight": 0,
    "maxGenerateHeight": 64
  }
}