{
  "_fv": 60,
  "_type": "procedure",
  "definition": {
    "procedurexml": "<?xml version=\"1.0\" encoding=\"UTF-8\" standalone=\"no\"?><xml xmlns=\"https://developers.google.com/blockly/xml\"><block deletable=\"false\" type=\"event_trigger\" x=\"40\" y=\"40\"><field name=\"trigger\">no_ext_trigger</field><next><block type=\"execute_command\"><value name=\"command\"><block type=\"text_join\"><mutation items=\"7\"/><value name=\"ADD0\"><block type=\"text\"><field name=\"TEXT\">/tellraw </field></block></value><value name=\"ADD1\"><block type=\"entity_name\"><value name=\"entity\"><block type=\"entity_from_deps\"/></value></block></value><value name=\"ADD2\"><block type=\"text\"><field name=\"TEXT\"> {\"text\":\"</field></block></value><value name=\"ADD3\"><block type=\"block_registry_name\"><value name=\"block\"><block inline=\"false\" type=\"world_data_blockat\"><value name=\"x\"><block type=\"entity_lookpos_x\"><field name=\"fluid_mode\">NONE</field><field name=\"block_mode\">OUTLINE</field><value name=\"entity\"><block type=\"entity_from_deps\"/></value><value name=\"maxdistance\"><block type=\"math_number\"><field name=\"NUM\">10</field></block></value></block></value><value name=\"y\"><block type=\"entity_lookpos_y\"><field name=\"fluid_mode\">NONE</field><field name=\"block_mode\">OUTLINE</field><value name=\"entity\"><block type=\"entity_from_deps\"/></value><value name=\"maxdistance\"><block type=\"math_number\"><field name=\"NUM\">10</field></block></value></block></value><value name=\"z\"><block type=\"entity_lookpos_z\"><field name=\"fluid_mode\">NONE</field><field name=\"block_mode\">OUTLINE</field><value name=\"entity\"><block type=\"entity_from_deps\"/></value><value name=\"maxdistance\"><block type=\"math_number\"><field name=\"NUM\">10</field></block></value></block></value></block></value></block></value><value name=\"ADD4\"><block type=\"text\"><field name=\"TEXT\">\",\"clickEvent\":{\"action\":\"copy_to_clipboard\",\"value\":\"</field></block></value><value name=\"ADD5\"><block type=\"block_registry_name\"><value name=\"block\"><block inline=\"false\" type=\"world_data_blockat\"><value name=\"x\"><block type=\"entity_lookpos_x\"><field name=\"fluid_mode\">NONE</field><field name=\"block_mode\">OUTLINE</field><value name=\"entity\"><block type=\"entity_from_deps\"/></value><value name=\"maxdistance\"><block type=\"math_number\"><field name=\"NUM\">10</field></block></value></block></value><value name=\"y\"><block type=\"entity_lookpos_y\"><field name=\"fluid_mode\">NONE</field><field name=\"block_mode\">OUTLINE</field><value name=\"entity\"><block type=\"entity_from_deps\"/></value><value name=\"maxdistance\"><block type=\"math_number\"><field name=\"NUM\">10</field></block></value></block></value><value name=\"z\"><block type=\"entity_lookpos_z\"><field name=\"fluid_mode\">NONE</field><field name=\"block_mode\">OUTLINE</field><value name=\"entity\"><block type=\"entity_from_deps\"/></value><value name=\"maxdistance\"><block type=\"math_number\"><field name=\"NUM\">10</field></block></value></block></value></block></value></block></value><value name=\"ADD6\"><block type=\"text\"><field name=\"TEXT\">\"}}</field></block></value></block></value><value name=\"x\"><block type=\"coord_x\"/></value><value name=\"y\"><block type=\"coord_y\"/></value><value name=\"z\"><block type=\"coord_z\"/></value></block></next></block></xml>"
  }
}