{
  "_fv": 60,
  "_type": "gui",
  "definition": {
    "type": 1,
    "width": 176,
    "height": 226,
    "inventoryOffsetX": 0,
    "inventoryOffsetY": 32,
    "renderBgLayer": true,
    "doesPauseGame": false,
    "components": [
      {
        "type": "label",
        "data": {
          "name": "label_earnxp_creator",
          "text": {
            "fixedValue": "EarnXp creator"
          },
          "color": {
            "value": -65536,
            "falpha": 0.0
          },
          "x": 132,
          "y": 17
        }
      },
      {
        "type": "label",
        "data": {
          "name": "label_job_id",
          "text": {
            "fixedValue": "Job ID"
          },
          "color": {
            "value": -16777012,
            "falpha": 0.0
          },
          "x": 222,
          "y": 35
        }
      },
      {
        "type": "textfield",
        "data": {
          "placeholder": "",
          "name": "job_id",
          "width": 72,
          "height": 20,
          "x": 222,
          "y": 44
        }
      },
      {
        "type": "label",
        "data": {
          "name": "label_min_level",
          "text": {
            "fixedValue": "Min Level"
          },
          "color": {
            "value": -16776961,
            "falpha": 0.0
          },
          "x": 132,
          "y": 71
        }
      },
      {
        "type": "textfield",
        "data": {
          "placeholder": "",
          "name": "min_level",
          "width": 72,
          "height": 20,
          "x": 132,
          "y": 80
        }
      },
      {
        "type": "label",
        "data": {
          "name": "label_max_level",
          "text": {
            "fixedValue": "Max Level"
          },
          "color": {
            "value": -16776961,
            "falpha": 0.0
          },
          "x": 222,
          "y": 71
        }
      },
      {
        "type": "textfield",
        "data": {
          "placeholder": "",
          "name": "max_level",
          "width": 72,
          "height": 20,
          "x": 222,
          "y": 80
        }
      },
      {
        "type": "label",
        "data": {
          "name": "label_type",
          "text": {
            "fixedValue": "Type"
          },
          "color": {
            "value": -16776961,
            "falpha": 0.0
          },
          "x": 132,
          "y": 107
        }
      },
      {
        "type": "textfield",
        "data": {
          "placeholder": "",
          "name": "type",
          "width": 72,
          "height": 20,
          "x": 132,
          "y": 116
        }
      },
      {
        "type": "outputslot",
        "data": {
          "id": 0,
          "disablePickup": {
            "fixedValue": true
          },
          "dropItemsWhenNotBound": false,
          "x": 204,
          "y": 116
        }
      },
      {
        "type": "label",
        "data": {
          "name": "label_item_block",
          "text": {
            "fixedValue": "Item / block"
          },
          "color": {
            "value": -16776961,
            "falpha": 0.0
          },
          "x": 132,
          "y": 35
        }
      },
      {
        "type": "inputslot",
        "data": {
          "inputLimit": {
            "value": ""
          },
          "disablePlacement": {
            "fixedValue": false
          },
          "color": {
            "value": -16711936,
            "falpha": 0.0
          },
          "id": 1,
          "disablePickup": {
            "fixedValue": false
          },
          "dropItemsWhenNotBound": false,
          "x": 150,
          "y": 44
        }
      },
      {
        "type": "label",
        "data": {
          "name": "label_xp",
          "text": {
            "fixedValue": "Xp"
          },
          "color": {
            "value": -16776961,
            "falpha": 0.0
          },
          "x": 222,
          "y": 107
        }
      },
      {
        "type": "textfield",
        "data": {
          "placeholder": "",
          "name": "xp",
          "width": 72,
          "height": 20,
          "x": 222,
          "y": 116
        }
      },
      {
        "type": "button",
        "data": {
          "name": "button_validate",
          "text": "VALIDATE",
          "isUndecorated": false,
          "onClick": {
            "name": "ValidateButton"
          },
          "width": 63,
          "height": 20,
          "x": 303,
          "y": 116
        }
      }
    ],
    "onTick": {
      "name": "EarnXpMakerWhileThisGUIIsOpenTick"
    },
    "gridSettings": {
      "sx": 18,
      "sy": 18,
      "ox": 11,
      "oy": 15,
      "snapOnGrid": true
    }
  }
}