{
  "_fv": 60,
  "_type": "command",
  "definition": {
    "commandName": "job",
    "type": "STANDARD",
    "permissionLevel": "No requirement",
    "argsxml": "<xml xmlns=\"https://developers.google.com/blockly/xml\"><block type=\"args_start\" deletable=\"false\" x=\"40\" y=\"40\"><next><block type=\"literal\"><field name=\"name\">list</field><statement name=\"args\"><block type=\"call_procedure\"><field name=\"procedure\">JobList</field></block></statement><next><block type=\"literal\"><field name=\"name\">earnxp</field><statement name=\"args\"><block type=\"string\"><field name=\"type\">word</field><field name=\"name\">jobid</field><statement name=\"args\"><block type=\"call_procedure\"><field name=\"procedure\">OpenEarnXpGui</field></block></statement></block></statement><next><block type=\"literal\"><field name=\"name\">unlocked</field><statement name=\"args\"><block type=\"string\"><field name=\"type\">word</field><field name=\"name\">jobid</field><statement name=\"args\"><block type=\"call_procedure\"><field name=\"procedure\">OpenUnlockedGui</field></block></statement></block></statement><next><block type=\"literal\"><field name=\"name\">create</field><statement name=\"args\"><block type=\"literal\"><field name=\"name\">job</field><statement name=\"args\"><block type=\"string\"><field name=\"type\">word</field><field name=\"name\">jobid</field><statement name=\"args\"><block type=\"string\"><field name=\"type\">string</field><field name=\"name\">jobdisplayname</field><statement name=\"args\"><block type=\"call_procedure\"><field name=\"procedure\">CreateJob</field></block></statement></block></statement></block></statement><next><block type=\"literal\"><field name=\"name\">earnxp</field><statement name=\"args\"><block type=\"call_procedure\"><field name=\"procedure\">OpenEarnXpMaker</field></block></statement><next><block type=\"literal\"><field name=\"name\">required</field><statement name=\"args\"><block type=\"call_procedure\"><field name=\"procedure\">OpenRequiredMaker</field></block></statement></block></next></block></next></block></statement><next><block type=\"literal\"><field name=\"name\">info</field><statement name=\"args\"><block type=\"string\"><field name=\"type\">word</field><field name=\"name\">jobid</field><statement name=\"args\"><block type=\"call_procedure\"><field name=\"procedure\">OpenRankInfo</field></block></statement></block></statement><next><block type=\"literal\"><field name=\"name\">help</field><statement name=\"args\"><block type=\"call_procedure\"><field name=\"procedure\">JobHelp</field></block></statement></block></next></block></next></block></next></block></next></block></next></block></next></block></xml>"
  }
}