{
  "_fv": 60,
  "_type": "procedure",
  "definition": {
    "procedurexml": "<?xml version=\"1.0\" encoding=\"UTF-8\" standalone=\"no\"?><xml xmlns=\"https://developers.google.com/blockly/xml\"><variables><variable id=\"ClearJsonObject\" type=\"JsonObject\">ClearJsonObject</variable><variable id=\"JobJsonObject\" type=\"JsonObject\">JobJsonObject</variable><variable id=\"File\" type=\"File\">File</variable></variables><block deletable=\"false\" type=\"event_trigger\" x=\"40\" y=\"40\"><field name=\"trigger\">no_ext_trigger</field><next><block type=\"entity_send_chat\"><value name=\"text\"><block type=\"text\"><field name=\"TEXT\">§aList job id (Click to copy)</field></block></value><value name=\"entity\"><block type=\"entity_from_deps\"/></value><value name=\"actbar\"><block type=\"logic_boolean\"><field name=\"BOOL\">FALSE</field></block></value><next><block type=\"foreachfile\"><value name=\"path\"><block type=\"text_join\"><mutation items=\"2\"/><value name=\"ADD0\"><block type=\"get_game_directory\"/></value><value name=\"ADD1\"><block type=\"text\"><field name=\"TEXT\">/config/EriniumJobs/jobs/</field></block></value></block></value><statement name=\"boucle\"><block type=\"execute_command\"><value name=\"command\"><block type=\"text_join\"><mutation items=\"7\"/><value name=\"ADD0\"><block type=\"text\"><field name=\"TEXT\">tellraw </field></block></value><value name=\"ADD1\"><block type=\"entity_name\"><value name=\"entity\"><block type=\"entity_from_deps\"/></value></block></value><value name=\"ADD2\"><block type=\"text\"><field name=\"TEXT\"> {\"text\":\"§e- </field></block></value><value name=\"ADD3\"><block type=\"text_replace\"><value name=\"what\"><block type=\"text\"><field name=\"TEXT\">.json</field></block></value><value name=\"with\"><block type=\"text\"><field name=\"TEXT\"/></block></value><value name=\"text\"><block type=\"fileiterratorgetname\"><value name=\"fileIterrator\"><block type=\"outputfileiterrator\"/></value></block></value></block></value><value name=\"ADD4\"><block type=\"text\"><field name=\"TEXT\">\",\"clickEvent\":{\"action\":\"copy_to_clipboard\",\"value\":\"</field></block></value><value name=\"ADD5\"><block type=\"text_replace\"><value name=\"what\"><block type=\"text\"><field name=\"TEXT\">.json</field></block></value><value name=\"with\"><block type=\"text\"><field name=\"TEXT\"/></block></value><value name=\"text\"><block type=\"fileiterratorgetname\"><value name=\"fileIterrator\"><block type=\"outputfileiterrator\"/></value></block></value></block></value><value name=\"ADD6\"><block type=\"text\"><field name=\"TEXT\">\"}}</field></block></value></block></value><value name=\"x\"><block type=\"coord_x\"/></value><value name=\"y\"><block type=\"coord_y\"/></value><value name=\"z\"><block type=\"coord_z\"/></value></block></statement></block></next></block></next></block></xml>"
  }
}