{
  "type": "minecraft:crafting_shaped",
  "category": "misc",
  "pattern": [
    "012",
    "345",
    "678"
  ],
  "key": {
    "0": {
      "item": "minecraft:diamond_block"
    },
    "1": {
      "item": "minecraft:hopper"
    },
    "2": {
      "item": "minecraft:diamond_block"
    },
    "3": {
      "item": "erinium_automation:dark_iron_block"
    },
    "4": {
      "item": "erinium_automation:wither_skeleton_block"
    },
    "5": {
      "item": "erinium_automation:dark_iron_block"
    },
    "6": {
      "item": "erinium_automation:dark_iron_block"
    },
    "7": {
      "item": "minecraft:chest"
    },
    "8": {
      "item": "erinium_automation:dark_iron_block"
    }
  },
  "result": {
    "item": "erinium_automation:nether_star_generator",
    "count": 1
  }
}