{
  "_fv": 60,
  "_type": "gui",
  "definition": {
    "type": 0,
    "width": 176,
    "height": 166,
    "inventoryOffsetX": 0,
    "inventoryOffsetY": 0,
    "renderBgLayer": true,
    "doesPauseGame": false,
    "components": [
      {
        "type": "label",
        "data": {
          "name": "label_buy",
          "text": {
            "fixedValue": "Buy"
          },
          "color": {
            "value": -12829636,
            "falpha": 0.0
          },
          "x": 204,
          "y": 44
        }
      },
      {
        "type": "label",
        "data": {
          "name": "label_quantity",
          "text": {
            "fixedValue": "Quantity",
            "name": "Quantity"
          },
          "color": {
            "value": -12829636,
            "falpha": 0.0
          },
          "x": 132,
          "y": 71
        }
      },
      {
        "type": "label",
        "data": {
          "name": "label_money",
          "text": {
            "fixedValue": "Money : "
          },
          "color": {
            "value": -12829636,
            "falpha": 0.0
          },
          "x": 132,
          "y": 62
        }
      },
      {
        "type": "textfield",
        "data": {
          "placeholder": "",
          "name": "quantity",
          "width": 72,
          "height": 20,
          "x": 132,
          "y": 80
        }
      },
      {
        "type": "label",
        "data": {
          "name": "label_proc_get_money",
          "text": {
            "fixedValue": "",
            "name": "GetMoney"
          },
          "color": {
            "value": -12829636,
            "falpha": 0.0
          },
          "x": 177,
          "y": 62
        }
      },
      {
        "type": "label",
        "data": {
          "name": "label_proc_price",
          "text": {
            "fixedValue": "",
            "name": "Price"
          },
          "color": {
            "value": -12829636,
            "falpha": 0.0
          },
          "x": 132,
          "y": 107
        }
      },
      {
        "type": "imagebutton",
        "data": {
          "name": "imagebutton_buy",
          "image": "buy.png",
          "hoveredImage": "buy.png",
          "onClick": {
            "name": "BuyBtn"
          },
          "x": 186,
          "y": 134
        }
      }
    ],
    "gridSettings": {
      "sx": 18,
      "sy": 18,
      "ox": 11,
      "oy": 15,
      "snapOnGrid": true
    }
  }
}