{
  "_fv": 57,
  "_type": "tool",
  "definition": {
    "toolType": "Spade",
    "renderType": 0,
    "blockingRenderType": 0,
    "texture": "nitriate_shovel",
    "customModelName": "Normal",
    "blockingModelName": "Normal blocking",
    "name": "Nitriate Shovel",
    "specialInformation": {
      "fixedValue": []
    },
    "creativeTab": {
      "value": "TOOLS"
    },
    "harvestLevel": 1,
    "efficiency": 3.0,
    "attackSpeed": 1.0,
    "enchantability": 4,
    "damageVsEntity": 1.0,
    "usageCount": 46,
    "blocksAffected": [],
    "repairItems": [
      {
        "value": "CUSTOM:NitriateGem"
      }
    ],
    "immuneToFire": false,
    "stayInGridWhenCrafting": false,
    "damageOnCrafting": false
  }
}