{
  "_fv": 57,
  "_type": "livingentity",
  "definition": {
    "mobName": "Rocket Booster",
    "mobLabel": "",
    "mobModelName": "Modelrocket_booster",
    "mobModelTexture": "rocket_booster_texture.png",
    "transparentModelCondition": {
      "fixedValue": false
    },
    "isShakingCondition": {
      "fixedValue": false
    },
    "solidBoundingBox": {
      "fixedValue": false
    },
    "visualScale": {
      "fixedValue": 1.0
    },
    "boundingBoxScale": {
      "fixedValue": 1.0
    },
    "modelLayers": [],
    "modelWidth": 0.6,
    "modelHeight": 1.8,
    "modelShadowSize": 3.0,
    "mountedYOffset": 0.0,
    "hasSpawnEgg": true,
    "spawnEggBaseColor": {
      "value": -1,
      "falpha": 0.0
    },
    "spawnEggDotColor": {
      "value": -1,
      "falpha": 0.0
    },
    "creativeTab": {
      "value": "MISC"
    },
    "isBoss": false,
    "bossBarColor": "PINK",
    "bossBarType": "PROGRESS",
    "equipmentMainHand": {
      "value": ""
    },
    "equipmentOffHand": {
      "value": ""
    },
    "equipmentHelmet": {
      "value": ""
    },
    "equipmentBody": {
      "value": ""
    },
    "equipmentLeggings": {
      "value": ""
    },
    "equipmentBoots": {
      "value": ""
    },
    "mobBehaviourType": "Creature",
    "mobCreatureType": "UNDEFINED",
    "attackStrength": 0,
    "attackKnockback": 0.0,
    "knockbackResistance": 1000.0,
    "movementSpeed": 0.0,
    "stepHeight": 0.0,
    "armorBaseValue": 100.0,
    "trackingRange": 32,
    "followRange": 32,
    "health": 1000,
    "xpAmount": 0,
    "waterMob": false,
    "breatheUnderwater": {
      "fixedValue": false
    },
    "pushedByFluids": {
      "fixedValue": false
    },
    "flyingMob": true,
    "guiBoundTo": "<NONE>",
    "inventorySize": 9,
    "inventoryStackSize": 64,
    "disableCollisions": true,
    "ridable": false,
    "canControlForward": false,
    "canControlStrafe": false,
    "immuneToFire": true,
    "immuneToArrows": true,
    "immuneToFallDamage": true,
    "immuneToCactus": true,
    "immuneToDrowning": true,
    "immuneToLightning": true,
    "immuneToPotions": true,
    "immuneToPlayer": true,
    "immuneToExplosion": true,
    "immuneToTrident": true,
    "immuneToAnvil": true,
    "immuneToWither": true,
    "immuneToDragonBreath": true,
    "mobDrop": {
      "value": ""
    },
    "livingSound": {
      "value": ""
    },
    "hurtSound": {
      "value": ""
    },
    "deathSound": {
      "value": ""
    },
    "stepSound": {
      "value": ""
    },
    "entityDataEntries": [
      {
        "name": "Lifting",
        "type": "logic",
        "value": false
      },
      {
        "min": -2147483648,
        "max": 2147483647,
        "name": "speed",
        "type": "integer",
        "value": 1
      },
      {
        "min": -2147483648,
        "max": 2147483647,
        "name": "countdown",
        "type": "integer",
        "value": 0
      },
      {
        "name": "descend",
        "type": "logic",
        "value": false
      }
    ],
    "onMobTickUpdate": {
      "name": "RocketBoosterOnEntityTickUpdate"
    },
    "onInitialSpawn": {
      "name": "RocketBoosterOnInitialEntitySpawn"
    },
    "hasAI": true,
    "aiBase": "(none)",
    "aixml": "<xml xmlns=\"https://developers.google.com/blockly/xml\"><block type=\"aitasks_container\" deletable=\"false\" x=\"40\" y=\"40\"></block></xml>",
    "breedable": false,
    "tameable": false,
    "breedTriggerItems": [],
    "ranged": false,
    "rangedAttackItem": {
      "value": ""
    },
    "rangedItemType": "Default item",
    "rangedAttackInterval": 20,
    "rangedAttackRadius": 10.0,
    "spawnThisMob": false,
    "doesDespawnWhenIdle": false,
    "spawningProbability": 20,
    "mobSpawningType": "creature",
    "minNumberOfMobsPerGroup": 4,
    "maxNumberOfMobsPerGroup": 4,
    "restrictionBiomes": [],
    "spawnInDungeons": false
  }
}