{
  "_fv": 57,
  "_type": "gui",
  "definition": {
    "type": 1,
    "width": 427,
    "height": 240,
    "inventoryOffsetX": 0,
    "inventoryOffsetY": 130,
    "renderBgLayer": true,
    "doesPauseGame": false,
    "components": [
      {
        "type": "label",
        "data": {
          "name": "label_stats",
          "text": {
            "fixedValue": "Stats"
          },
          "color": {
            "value": -16777216,
            "falpha": 0.0
          },
          "x": 189,
          "y": 0
        }
      },
      {
        "type": "outputslot",
        "data": {
          "color": {
            "value": -39373,
            "falpha": 0.0
          },
          "id": 0,
          "disablePickup": {
            "fixedValue": true
          },
          "dropItemsWhenNotBound": false,
          "x": 9,
          "y": 27
        }
      },
      {
        "type": "imagebutton",
        "data": {
          "name": "imagebutton_buy_green_x",
          "image": "buy_green_x.png",
          "hoveredImage": "buy_green_x_hover.png",
          "onClick": {
            "name": "FlameBtnAction"
          },
          "displayCondition": {
            "name": "FlammeReturnYes"
          },
          "x": 27,
          "y": 27
        }
      },
      {
        "type": "image",
        "data": {
          "image": "buy_red_x.png",
          "use1Xscale": false,
          "displayCondition": {
            "name": "FlameReturnNo"
          },
          "x": 27,
          "y": 27
        }
      },
      {
        "type": "outputslot",
        "data": {
          "color": {
            "value": -3407872,
            "falpha": 0.0
          },
          "id": 1,
          "disablePickup": {
            "fixedValue": true
          },
          "dropItemsWhenNotBound": false,
          "x": 9,
          "y": 54
        }
      },
      {
        "type": "image",
        "data": {
          "image": "buy_red_x.png",
          "use1Xscale": false,
          "displayCondition": {
            "name": "HeartReturnNo"
          },
          "x": 27,
          "y": 54
        }
      },
      {
        "type": "imagebutton",
        "data": {
          "name": "imagebutton_buy_green_x1",
          "image": "buy_green_x.png",
          "hoveredImage": "buy_green_x_hover.png",
          "onClick": {
            "name": "HeartBtnAction"
          },
          "displayCondition": {
            "name": "HeartReturnYes"
          },
          "x": 27,
          "y": 54
        }
      }
    ],
    "onTick": {
      "name": "StatGui0WhileThisGUIIsOpenTick"
    },
    "gridSettings": {
      "sx": 18,
      "sy": 18,
      "ox": 17,
      "oy": 17,
      "snapOnGrid": true
    }
  }
}