{
  "_fv": 57,
  "_type": "command",
  "definition": {
    "commandName": "money",
    "type": "STANDARD",
    "permissionLevel": "No requirement",
    "argsxml": "<xml xmlns=\"https://developers.google.com/blockly/xml\"><block type=\"args_start\" deletable=\"false\" x=\"40\" y=\"40\"><next><block type=\"literal\"><field name=\"name\">give</field><statement name=\"args\"><block type=\"entity\"><field name=\"name\">player</field><field name=\"type\">player</field><statement name=\"args\"><block type=\"number_min\"><field name=\"name\">amount</field><field name=\"min\">1</field><statement name=\"args\"><block type=\"call_procedure\"><field name=\"procedure\">MoneyGive</field></block></statement></block></statement></block></statement><next><block type=\"literal\"><field name=\"name\">set</field><statement name=\"args\"><block type=\"entity\"><field name=\"name\">player</field><field name=\"type\">player</field><statement name=\"args\"><block type=\"number_min\"><field name=\"name\">amount</field><field name=\"min\">0</field><statement name=\"args\"><block type=\"call_procedure\"><field name=\"procedure\">MoneySet</field></block></statement></block></statement></block></statement><next><block type=\"literal\"><field name=\"name\">take</field><statement name=\"args\"><block type=\"entity\"><field name=\"name\">player</field><field name=\"type\">player</field><statement name=\"args\"><block type=\"number_min\"><field name=\"name\">amount</field><field name=\"min\">1</field><statement name=\"args\"><block type=\"call_procedure\"><field name=\"procedure\">MoneyTake</field></block></statement></block></statement></block></statement><next><block type=\"literal\"><field name=\"name\">reset</field><statement name=\"args\"><block type=\"entity\"><field name=\"name\">player</field><field name=\"type\">player</field><statement name=\"args\"><block type=\"call_procedure\"><field name=\"procedure\">MoneyReset</field></block></statement></block></statement><next><block type=\"entity\"><field name=\"name\">player</field><field name=\"type\">player</field><statement name=\"args\"><block type=\"call_procedure\"><field name=\"procedure\">MoneyOtherPlayer</field></block></statement><next><block type=\"call_procedure\"><field name=\"procedure\">MoneyCmd</field></block></next></block></next></block></next></block></next></block></next></block></next></block></xml>"
  }
}