{
  "_fv": 60,
  "_type": "gui",
  "definition": {
    "type": 1,
    "width": 176,
    "height": 166,
    "inventoryOffsetX": 0,
    "inventoryOffsetY": 0,
    "renderBgLayer": true,
    "doesPauseGame": false,
    "components": [
      {
        "type": "label",
        "data": {
          "name": "label_cobble_void_station",
          "text": {
            "fixedValue": "Cobble Void station"
          },
          "color": {
            "value": -12829636,
            "falpha": 0.0
          },
          "x": 132,
          "y": 44
        }
      },
      {
        "type": "label",
        "data": {
          "name": "label_proc_return_stone_price",
          "text": {
            "fixedValue": "",
            "name": "ReturnStonePrice"
          },
          "color": {
            "value": -12829636,
            "falpha": 0.0
          },
          "x": 132,
          "y": 53
        }
      },
      {
        "type": "inputslot",
        "data": {
          "inputLimit": {
            "value": "CUSTOM:CobbleVoid"
          },
          "disablePlacement": {
            "fixedValue": false
          },
          "color": {
            "value": -16738048,
            "falpha": 0.0
          },
          "id": 0,
          "disablePickup": {
            "fixedValue": false
          },
          "dropItemsWhenNotBound": true,
          "x": 204,
          "y": 71
        }
      },
      {
        "type": "button",
        "data": {
          "name": "button_sell",
          "text": "Sell",
          "isUndecorated": false,
          "onClick": {
            "name": "SellBtn"
          },
          "width": 36,
          "height": 20,
          "x": 195,
          "y": 89
        }
      }
    ],
    "gridSettings": {
      "sx": 18,
      "sy": 18,
      "ox": 11,
      "oy": 15,
      "snapOnGrid": true
    }
  }
}