{
  "_fv": 60,
  "_type": "command",
  "definition": {
    "commandName": "pay",
    "type": "STANDARD",
    "permissionLevel": "No requirement",
    "argsxml": "<xml xmlns=\"https://developers.google.com/blockly/xml\"><block type=\"args_start\" deletable=\"false\" x=\"40\" y=\"40\"><next><block type=\"entity\"><field name=\"name\">player</field><field name=\"type\">player</field><statement name=\"args\"><block type=\"number_min\"><field name=\"name\">amount</field><field name=\"min\">1</field><statement name=\"args\"><block type=\"call_procedure\"><field name=\"procedure\">PayCommand</field></block></statement></block></statement></block></next></block></xml>"
  }
}