{
  "_fv": 60,
  "_type": "config",
  "definition": {
    "pools": [
      {
        "category": "Basic",
        "entries": [
          {
            "item": {
              "value": ""
            },
            "silkTouchMode": 1,
            "block": {
              "value": ""
            },
            "logicField": 0,
            "numberField": 500.0,
            "textDefault": "",
            "comment": "Start money when first join",
            "vardisplay": "Start money",
            "varname": "start_money",
            "enablecomment": true
          },
          {
            "item": {
              "value": ""
            },
            "silkTouchMode": 1,
            "block": {
              "value": ""
            },
            "logicField": 0,
            "numberField": 1.0,
            "textDefault": "",
            "comment": "The prince of one stones on the cobble void",
            "vardisplay": "Cobble Void price for one stone",
            "varname": "cobblevoid_priceunit",
            "enablecomment": true
          }
        ]
      }
    ],
    "file": "ericonomy-common",
    "configType": 0
  }
}