{
  "_fv": 47,
  "_type": "procedure",
  "definition": {
    "procedurexml": "<xml xmlns=\"https://developers.google.com/blockly/xml\"><variables><variable type=\"JsonObject\" id=\"ClearJsonObject\">ClearJsonObject</variable><variable type=\"JsonObject\" id=\"JobJsonObject\">JobJsonObject</variable><variable type=\"File\" id=\"File\">File</variable></variables><block type=\"event_trigger\" deletable=\"false\" x=\"40\" y=\"40\"><field name=\"trigger\">no_ext_trigger</field><next><block type=\"entity_send_chat\"><value name=\"text\"><block type=\"text\"><field name=\"TEXT\">§aList job id (Click to copy)</field></block></value><value name=\"entity\"><block type=\"entity_from_deps\"></block></value><value name=\"actbar\"><block type=\"logic_boolean\"><field name=\"BOOL\">FALSE</field></block></value><next><block type=\"foreachfile\"><value name=\"path\"><block type=\"text_join\"><mutation items=\"2\"></mutation><value name=\"ADD0\"><block type=\"get_game_directory\"></block></value><value name=\"ADD1\"><block type=\"text\"><field name=\"TEXT\">/config/EriniumJobs/jobs/</field></block></value></block></value><statement name=\"boucle\"><block type=\"execute_command\"><value name=\"command\"><block type=\"text_join\"><mutation items=\"7\"></mutation><value name=\"ADD0\"><block type=\"text\"><field name=\"TEXT\">tellraw </field></block></value><value name=\"ADD1\"><block type=\"entity_name\"><value name=\"entity\"><block type=\"entity_from_deps\"></block></value></block></value><value name=\"ADD2\"><block type=\"text\"><field name=\"TEXT\"> {\"text\":\"§e- </field></block></value><value name=\"ADD3\"><block type=\"text_replace\"><value name=\"what\"><block type=\"text\"><field name=\"TEXT\">.json</field></block></value><value name=\"with\"><block type=\"text\"><field name=\"TEXT\"></field></block></value><value name=\"text\"><block type=\"fileiterratorgetname\"><value name=\"fileIterrator\"><block type=\"outputfileiterrator\"></block></value></block></value></block></value><value name=\"ADD4\"><block type=\"text\"><field name=\"TEXT\">\",\"clickEvent\":{\"action\":\"copy_to_clipboard\",\"value\":\"</field></block></value><value name=\"ADD5\"><block type=\"text_replace\"><value name=\"what\"><block type=\"text\"><field name=\"TEXT\">.json</field></block></value><value name=\"with\"><block type=\"text\"><field name=\"TEXT\"></field></block></value><value name=\"text\"><block type=\"fileiterratorgetname\"><value name=\"fileIterrator\"><block type=\"outputfileiterrator\"></block></value></block></value></block></value><value name=\"ADD6\"><block type=\"text\"><field name=\"TEXT\">\"}}</field></block></value></block></value><value name=\"x\"><block type=\"coord_x\"></block></value><value name=\"y\"><block type=\"coord_y\"></block></value><value name=\"z\"><block type=\"coord_z\"></block></value></block></statement></block></next></block></next></block></xml>"
  }
}