{
  "type": "minecraft:ore",
  "config": {
    "size": 7,
    "discard_chance_on_air_exposure": 0,
    "targets": [
      {
        "target": {
          "predicate_type": "blockstate_match",
          "block_state": {
            "Name": "minecraft:stone"
          }
        },
        "state": {
          "Name": "erinium_automation:amenine_ore"
        }
      },
      {
        "target": {
          "predicate_type": "blockstate_match",
          "block_state": {
            "Name": "minecraft:granite"
          }
        },
        "state": {
          "Name": "erinium_automation:amenine_ore"
        }
      },
      {
        "target": {
          "predicate_type": "blockstate_match",
          "block_state": {
            "Name": "minecraft:diorite"
          }
        },
        "state": {
          "Name": "erinium_automation:amenine_ore"
        }
      },
      {
        "target": {
          "predicate_type": "blockstate_match",
          "block_state": {
            "Name": "minecraft:andesite"
          }
        },
        "state": {
          "Name": "erinium_automation:amenine_ore"
        }
      },
      {
        "target": {
          "predicate_type": "blockstate_match",
          "block_state": {
            "Name": "minecraft:deepslate",
            "Properties": {
              "axis": "y"
            }
          }
        },
        "state": {
          "Name": "erinium_automation:amenine_ore"
        }
      }
    ]
  }
}