{
  "_fv": 57,
  "_type": "config",
  "definition": {
    "pools": [
      {
        "category": "Multiplier",
        "entries": [
          {
            "item": {
              "value": ""
            },
            "silkTouchMode": 1,
            "block": {
              "value": ""
            },
            "logicField": 0,
            "numberField": 1.095,
            "textDefault": "",
            "comment": "Xp multiplier see here : https://1drv.ms/x/s!Aq5o6W9h7OB9gYExyFZm1cFhJ0n0EA?e=zVMCg7",
            "vardisplay": "XP Multiplier",
            "varname": "xp_multiplier",
            "enablecomment": true,
            "onlyComment": false,
            "entityType": "EntityAgeable"
          },
          {
            "item": {
              "value": ""
            },
            "silkTouchMode": 1,
            "block": {
              "value": ""
            },
            "logicField": 0,
            "numberField": 0.982,
            "textDefault": "",
            "comment": "Won XP multiplier see here : https://1drv.ms/x/s!Aq5o6W9h7OB9gYExyFZm1cFhJ0n0EA?e=zVMCg7",
            "vardisplay": "Won XP Multiplier",
            "varname": "wonxp_multiplier",
            "enablecomment": true,
            "onlyComment": false,
            "entityType": "EntityAgeable"
          }
        ]
      },
      {
        "category": "Won Level",
        "entries": [
          {
            "item": {
              "value": ""
            },
            "silkTouchMode": 2,
            "block": {
              "value": ""
            },
            "logicField": 0,
            "numberField": 0.0,
            "textDefault": "minecraft:air 64",
            "comment": "Example \\\"minecraft:diamond 12, minecraft:iron_sword 1\\\" Please separe each item by \\\", \\\" ! The \\\",\\\" and the space is very important",
            "vardisplay": "Item give each level",
            "varname": "item_give",
            "enablecomment": true,
            "onlyComment": false,
            "entityType": "EntityAgeable"
          }
        ]
      }
    ],
    "file": "erinium-ranking",
    "configType": 0
  }
}