{
  "_fv": 57,
  "_type": "gui",
  "definition": {
    "type": 0,
    "width": 176,
    "height": 166,
    "inventoryOffsetX": 0,
    "inventoryOffsetY": 0,
    "renderBgLayer": true,
    "doesPauseGame": false,
    "components": [
      {
        "type": "label",
        "data": {
          "name": "label_overlay_config",
          "text": {
            "fixedValue": "Overlay Config"
          },
          "color": {
            "value": -16777216,
            "falpha": 0.0
          },
          "x": 177,
          "y": 44
        }
      },
      {
        "type": "button",
        "data": {
          "name": "button_won_xp",
          "text": "Won XP",
          "isUndecorated": false,
          "onClick": {
            "name": "OpenWonXP"
          },
          "width": 54,
          "height": 20,
          "x": 132,
          "y": 62
        }
      }
    ],
    "gridSettings": {
      "sx": 18,
      "sy": 18,
      "ox": 11,
      "oy": 15,
      "snapOnGrid": true
    }
  }
}