{
  "_fv": 60,
  "_type": "recipe",
  "definition": {
    "recipeType": "Crafting",
    "recipeRetstackSize": 1,
    "group": "",
    "cookingBookCategory": "MISC",
    "xpReward": 0.0,
    "cookingTime": 200,
    "craftingBookCategory": "MISC",
    "recipeShapeless": false,
    "recipeSlots": [
      {
        "value": "Blocks.COAL_BLOCK"
      },
      {
        "value": "Blocks.GLOWSTONE"
      },
      {
        "value": "Blocks.COAL_BLOCK"
      },
      {
        "value": "Blocks.COAL_BLOCK"
      },
      {
        "value": "Blocks.BRICK_BLOCK"
      },
      {
        "value": "Blocks.COAL_BLOCK"
      },
      {
        "value": "Blocks.COAL_BLOCK"
      },
      {
        "value": "Blocks.COAL_BLOCK"
      },
      {
        "value": "Blocks.COAL_BLOCK"
      }
    ],
    "recipeReturnStack": {
      "value": "CUSTOM:LightDarkBrick"
    },
    "name": "craft_dark_light_brick",
    "namespace": "mod"
  }
}