{
  "_fv": 60,
  "_type": "overlay",
  "definition": {
    "priority": "HIGHEST",
    "components": [
      {
        "type": "image",
        "data": {
          "image": "health_bar_empty.png",
          "use1Xscale": false,
          "anchorPoint": "BOTTOM_CENTER",
          "x": 123,
          "y": 201
        }
      },
      {
        "type": "image",
        "data": {
          "image": "health_bar.png",
          "use1Xscale": false,
          "anchorPoint": "BOTTOM_CENTER",
          "x": 124,
          "y": 202
        }
      },
      {
        "type": "label",
        "data": {
          "name": "label_proc_return_health",
          "text": {
            "fixedValue": "",
            "name": "ReturnHealth"
          },
          "color": {
            "value": -1,
            "falpha": 0.0
          },
          "anchorPoint": "BOTTOM_CENTER",
          "x": 123,
          "y": 191
        }
      }
    ],
    "baseTexture": "",
    "overlayTarget": "Ingame",
    "displayCondition": {
      "name": "IsCreativeMod"
    },
    "gridSettings": {
      "sx": 18,
      "sy": 18,
      "ox": 11,
      "oy": 15,
      "snapOnGrid": false
    }
  }
}